filename,i,j,incidence_time,total_time
simphyout\pop_8_n_1000_1.newick,16,31,31477735,31882312
simphyout\pop_8_n_1000_1.newick,16,32,33263166,33621181
simphyout\pop_8_n_1000_1.newick,16,33,32329383,32713949
simphyout\pop_8_n_1000_1.newick,16,34,35645516,36011465
simphyout\pop_8_n_1000_1.newick,16,35,36136623,36497024
simphyout\pop_8_n_1000_1.newick,16,36,35242886,35578510
simphyout\pop_8_n_1000_1.newick,16,37,36120102,36488799
simphyout\pop_8_n_1000_1.newick,16,38,34405213,34773540
simphyout\pop_8_n_1000_1.newick,16,39,38490743,38851484
simphyout\pop_8_n_1000_1.newick,16,40,35252669,35624784
simphyout\pop_8_n_1000_1.newick,16,41,31735980,32099924
simphyout\pop_8_n_1000_1.newick,16,42,32327510,32661111
simphyout\pop_8_n_1000_1.newick,16,43,34761443,35129340
simphyout\pop_8_n_1000_1.newick,16,44,37608575,37982366
simphyout\pop_8_n_1000_1.newick,16,45,34780504,35113522
simphyout\pop_8_n_1000_1.newick,16,46,31659943,32015305
simphyout\pop_8_n_1000_1.newick,16,47,34391640,34758692
simphyout\pop_8_n_1000_1.newick,16,48,33587676,33961894
simphyout\pop_8_n_1000_1.newick,16,49,37120562,37437150
simphyout\pop_8_n_1000_1.newick,17,21,37850146,38218248
simphyout\pop_8_n_1000_1.newick,17,22,36655859,36971336
simphyout\pop_8_n_1000_1.newick,17,23,36774054,37129353
simphyout\pop_8_n_1000_1.newick,17,24,36996233,37369028
simphyout\pop_8_n_1000_1.newick,17,25,35807389,36127155
simphyout\pop_8_n_1000_1.newick,17,26,35994904,36350392
simphyout\pop_8_n_1000_1.newick,17,27,37570822,37944450
simphyout\pop_8_n_1000_1.newick,17,28,37119530,37444779
simphyout\pop_8_n_1000_1.newick,17,29,35874681,36189393
simphyout\pop_8_n_1000_1.newick,17,30,34585910,34960553
simphyout\pop_8_n_1000_1.newick,17,31,36328268,36696062
simphyout\pop_8_n_1000_1.newick,17,32,34977954,35345918
simphyout\pop_8_n_1000_1.newick,17,33,34455322,34780893
simphyout\pop_8_n_1000_1.newick,17,34,37491734,37872962
simphyout\pop_8_n_1000_1.newick,17,35,37509356,37882088
simphyout\pop_8_n_1000_1.newick,17,36,36180579,36552189
simphyout\pop_8_n_1000_1.newick,17,37,35852884,36206002
simphyout\pop_8_n_1000_1.newick,17,38,38154754,38516594
simphyout\pop_8_n_1000_1.newick,17,39,36147785,36524343
simphyout\pop_8_n_1000_1.newick,17,40,35681779,36053739
simphyout\pop_8_n_1000_1.newick,17,41,37663194,37985827
simphyout\pop_8_n_1000_1.newick,17,42,34250989,34626694
simphyout\pop_8_n_1000_1.newick,17,43,35929856,36300737
simphyout\pop_8_n_1000_1.newick,17,44,37585120,37948900
simphyout\pop_8_n_1000_1.newick,17,45,38299043,38670878
simphyout\pop_8_n_1000_1.newick,17,46,34934977,35299106
simphyout\pop_8_n_1000_1.newick,17,47,36355631,36680843
simphyout\pop_8_n_1000_1.newick,17,48,36841773,37217124
simphyout\pop_8_n_1000_1.newick,17,49,38017133,38340942
simphyout\pop_8_n_1000_1.newick,18,21,36061348,36429021
simphyout\pop_8_n_1000_1.newick,18,22,37048714,37418102
simphyout\pop_8_n_1000_1.newick,18,23,39097541,39451327
simphyout\pop_8_n_1000_1.newick,18,24,38037260,38401649
simphyout\pop_8_n_1000_1.newick,18,25,34149069,34458210
simphyout\pop_8_n_1000_1.newick,18,26,39264927,39633156
simphyout\pop_8_n_1000_1.newick,18,27,39259312,39631624
simphyout\pop_8_n_1000_1.newick,18,28,36618739,36980302
simphyout\pop_8_n_1000_1.newick,18,29,37071516,37429127
simphyout\pop_8_n_1000_1.newick,18,30,34582483,34946421
simphyout\pop_8_n_1000_1.newick,18,31,35143633,35512149
simphyout\pop_8_n_1000_1.newick,18,32,35532584,35895777
simphyout\pop_8_n_1000_1.newick,18,33,37834869,38196374
simphyout\pop_8_n_1000_1.newick,18,34,36963383,37323463
simphyout\pop_8_n_1000_1.newick,18,35,36254324,36622268
simphyout\pop_8_n_1000_1.newick,18,36,36855176,37223215
simphyout\pop_8_n_1000_1.newick,18,37,36355011,36663615
simphyout\pop_8_n_1000_1.newick,18,38,38088906,38458586
simphyout\pop_8_n_1000_1.newick,18,39,37479803,37845125
simphyout\pop_8_n_1000_1.newick,18,40,34138782,34501926
simphyout\pop_8_n_1000_1.newick,18,41,36285350,36622147
simphyout\pop_8_n_1000_1.newick,18,42,37023705,37400097
simphyout\pop_8_n_1000_1.newick,18,43,36444099,36783895
simphyout\pop_8_n_1000_1.newick,18,44,38982713,39335818
simphyout\pop_8_n_1000_1.newick,18,45,37238881,37603453
simphyout\pop_8_n_1000_1.newick,18,46,31926280,32265029
simphyout\pop_8_n_1000_1.newick,18,47,35745068,36114008
simphyout\pop_8_n_1000_1.newick,18,48,37849618,38208793
simphyout\pop_8_n_1000_1.newick,18,49,37257233,37619162
simphyout\pop_8_n_1000_1.newick,19,21,37089238,37410354
simphyout\pop_8_n_1000_1.newick,19,22,34987791,35350576
simphyout\pop_8_n_1000_1.newick,19,23,37394985,37739070
simphyout\pop_8_n_1000_1.newick,19,24,36339868,36690184
simphyout\pop_8_n_1000_1.newick,19,25,35395258,35764632
simphyout\pop_8_n_1000_1.newick,19,26,34894660,35226411
simphyout\pop_8_n_1000_1.newick,19,27,37339682,37708405
simphyout\pop_8_n_1000_1.newick,19,28,35506272,35867624
simphyout\pop_8_n_1000_1.newick,19,29,35880001,36238634
simphyout\pop_8_n_1000_1.newick,19,30,36683239,37043611
simphyout\pop_8_n_1000_1.newick,19,31,36076598,36414635
simphyout\pop_8_n_1000_1.newick,19,32,33632399,33984117
simphyout\pop_8_n_1000_1.newick,19,33,34611081,34919623
simphyout\pop_8_n_1000_1.newick,19,34,37687424,38065294
simphyout\pop_8_n_1000_1.newick,19,35,37685560,38013985
simphyout\pop_8_n_1000_1.newick,19,36,33370504,33698891
simphyout\pop_8_n_1000_1.newick,19,37,37809659,38175890
simphyout\pop_8_n_1000_1.newick,19,38,37805758,38168565
simphyout\pop_8_n_1000_1.newick,19,39,34169800,34470867
simphyout\pop_8_n_1000_1.newick,19,40,34546582,34913520
simphyout\pop_8_n_1000_1.newick,19,41,34792056,35154639
simphyout\pop_8_n_1000_1.newick,19,42,37648026,38007033
simphyout\pop_8_n_1000_1.newick,19,43,37100808,37450662
simphyout\pop_8_n_1000_1.newick,19,44,36441947,36777826
simphyout\pop_8_n_1000_1.newick,19,45,37126776,37480574
simphyout\pop_8_n_1000_1.newick,19,46,33182697,33542844
simphyout\pop_8_n_1000_1.newick,19,47,36854818,37192210
simphyout\pop_8_n_1000_1.newick,19,48,37416599,37749784
simphyout\pop_8_n_1000_1.newick,19,49,38220655,38543217
simphyout\pop_8_n_1000_1.newick,20,21,36967814,37335415
simphyout\pop_8_n_1000_1.newick,20,22,41700505,42050535
simphyout\pop_8_n_1000_1.newick,20,23,39883759,40228770
simphyout\pop_8_n_1000_1.newick,20,24,39506897,39868706
simphyout\pop_8_n_1000_1.newick,20,25,37633492,37977504
simphyout\pop_8_n_1000_1.newick,20,26,38062605,38397225
simphyout\pop_8_n_1000_1.newick,20,27,39249646,39609856
simphyout\pop_8_n_1000_1.newick,20,28,37944730,38299058
simphyout\pop_8_n_1000_1.newick,20,29,43269400,43634840
simphyout\pop_8_n_1000_1.newick,20,30,39980338,40299062
simphyout\pop_8_n_1000_1.newick,20,31,40305837,40679625
simphyout\pop_8_n_1000_1.newick,20,32,36854730,37251139
simphyout\pop_8_n_1000_1.newick,20,33,39349725,39662901
simphyout\pop_8_n_1000_1.newick,20,34,40194160,40572974
simphyout\pop_8_n_1000_1.newick,20,35,37112648,37462459
simphyout\pop_8_n_1000_1.newick,20,36,38336847,38702012
simphyout\pop_8_n_1000_1.newick,20,37,38171943,38529198
simphyout\pop_8_n_1000_1.newick,20,38,40412027,40763299
simphyout\pop_8_n_1000_1.newick,20,39,37376521,37743013
simphyout\pop_8_n_1000_1.newick,20,40,38790906,39109467
simphyout\pop_8_n_1000_1.newick,20,41,38535089,38863422
simphyout\pop_8_n_1000_1.newick,20,42,37239014,37610653
simphyout\pop_8_n_1000_1.newick,20,43,37501141,37856062
simphyout\pop_8_n_1000_1.newick,20,44,38957815,39313413
simphyout\pop_8_n_1000_1.newick,20,45,38186118,38556966
simphyout\pop_8_n_1000_1.newick,20,46,37803244,38149496
simphyout\pop_8_n_1000_1.newick,20,47,40372715,40744280
simphyout\pop_8_n_1000_1.newick,20,48,38655941,39007508
simphyout\pop_8_n_1000_1.newick,20,49,38455611,38821910
simphyout\pop_8_n_1000_1.newick,21,22,37338605,37659959
simphyout\pop_8_n_1000_1.newick,21,23,38301359,38639998
simphyout\pop_8_n_1000_1.newick,21,24,36963630,37318395
simphyout\pop_8_n_1000_1.newick,21,25,37064581,37406679
simphyout\pop_8_n_1000_1.newick,21,26,38077778,38447749
simphyout\pop_8_n_1000_1.newick,21,27,44695406,45072466
simphyout\pop_8_n_1000_1.newick,21,28,38356992,38720724
simphyout\pop_8_n_1000_1.newick,21,29,39831554,40175102
simphyout\pop_8_n_1000_1.newick,21,30,34627094,34999918
simphyout\pop_8_n_1000_1.newick,21,31,37705959,38053468
simphyout\pop_8_n_1000_1.newick,21,32,36441167,36780095
simphyout\pop_8_n_1000_1.newick,21,33,37379868,37743544
simphyout\pop_8_n_1000_1.newick,21,34,37584497,37910742
simphyout\pop_8_n_1000_1.newick,21,35,34970205,35350878
simphyout\pop_8_n_1000_1.newick,21,36,35412409,35786018
simphyout\pop_8_n_1000_1.newick,21,37,38179054,38521556
simphyout\pop_8_n_1000_1.newick,21,38,36617030,36966406
simphyout\pop_8_n_1000_1.newick,21,39,37944608,38306737
simphyout\pop_8_n_1000_1.newick,21,40,36775893,37131848
simphyout\pop_8_n_1000_1.newick,21,41,38493312,38858838
simphyout\pop_8_n_1000_1.newick,21,42,35385827,35698900
simphyout\pop_8_n_1000_1.newick,21,43,37962890,38324114
simphyout\pop_8_n_1000_1.newick,21,44,36527958,36886427
simphyout\pop_8_n_1000_1.newick,21,45,36979768,37318321
simphyout\pop_8_n_1000_1.newick,21,46,35142837,35464259
simphyout\pop_8_n_1000_1.newick,21,47,37340966,37673248
simphyout\pop_8_n_1000_1.newick,21,48,36172550,36546764
simphyout\pop_8_n_1000_1.newick,21,49,35978639,36354334
simphyout\pop_8_n_1000_1.newick,22,23,36963114,37292796
simphyout\pop_8_n_1000_1.newick,22,24,37058890,37412963
simphyout\pop_8_n_1000_1.newick,22,25,33427113,33793796
simphyout\pop_8_n_1000_1.newick,22,26,35431504,35784892
simphyout\pop_8_n_1000_1.newick,22,27,38054384,38387789
simphyout\pop_8_n_1000_1.newick,22,28,35192133,35542757
simphyout\pop_8_n_1000_1.newick,22,29,38133947,38493271
simphyout\pop_8_n_1000_1.newick,22,30,33745288,34108857
simphyout\pop_8_n_1000_1.newick,22,31,34250082,34570779
simphyout\pop_8_n_1000_1.newick,22,32,35564591,35889412
simphyout\pop_8_n_1000_1.newick,22,33,37612022,37966024
simphyout\pop_8_n_1000_1.newick,22,34,33562628,33936076
simphyout\pop_8_n_1000_1.newick,22,35,34550557,34892852
simphyout\pop_8_n_1000_1.newick,22,36,33691139,34039492
simphyout\pop_8_n_1000_1.newick,22,37,34083341,34472048
simphyout\pop_8_n_1000_1.newick,22,38,36692264,37025038
simphyout\pop_8_n_1000_1.newick,22,39,34223287,34581332
simphyout\pop_8_n_1000_1.newick,22,40,34065915,34424892
simphyout\pop_8_n_1000_1.newick,22,41,36447558,36856092
simphyout\pop_8_n_1000_1.newick,22,42,36596221,36970372
simphyout\pop_8_n_1000_1.newick,22,43,34644433,34997838
simphyout\pop_8_n_1000_1.newick,22,44,37030651,37392377
simphyout\pop_8_n_1000_1.newick,22,45,36745018,37105360
simphyout\pop_8_n_1000_1.newick,22,46,33896964,34255887
simphyout\pop_8_n_1000_1.newick,22,47,34177807,34521705
simphyout\pop_8_n_1000_1.newick,22,48,36181672,36545852
simphyout\pop_8_n_1000_1.newick,22,49,35465640,35800224
simphyout\pop_8_n_1000_1.newick,23,24,38388869,38756023
simphyout\pop_8_n_1000_1.newick,23,25,37351033,37700710
simphyout\pop_8_n_1000_1.newick,23,26,38465950,38846189
simphyout\pop_8_n_1000_1.newick,23,27,40076843,40403984
simphyout\pop_8_n_1000_1.newick,23,28,37747572,38096130
simphyout\pop_8_n_1000_1.newick,23,29,38111678,38475241
simphyout\pop_8_n_1000_1.newick,23,30,36845585,37177302
simphyout\pop_8_n_1000_1.newick,23,31,35542902,35886078
simphyout\pop_8_n_1000_1.newick,23,32,34299983,34605899
simphyout\pop_8_n_1000_1.newick,23,33,38874756,39182628
simphyout\pop_8_n_1000_1.newick,23,34,38884501,39240504
simphyout\pop_8_n_1000_1.newick,23,35,38689084,39032472
simphyout\pop_8_n_1000_1.newick,23,36,37515507,37897896
simphyout\pop_8_n_1000_1.newick,23,37,36954436,37414085
simphyout\pop_8_n_1000_1.newick,23,38,36814472,37168497
simphyout\pop_8_n_1000_1.newick,23,39,38146980,38502349
simphyout\pop_8_n_1000_1.newick,23,40,35195881,35511725
simphyout\pop_8_n_1000_1.newick,23,41,38907669,39261572
simphyout\pop_8_n_1000_1.newick,23,42,36061640,36382288
simphyout\pop_8_n_1000_1.newick,23,43,36370230,36720934
simphyout\pop_8_n_1000_1.newick,23,44,36812659,37167745
simphyout\pop_8_n_1000_1.newick,23,45,37767227,38110482
simphyout\pop_8_n_1000_1.newick,23,46,36008129,36363629
simphyout\pop_8_n_1000_1.newick,23,47,36777224,37127008
simphyout\pop_8_n_1000_1.newick,23,48,36097469,36431579
simphyout\pop_8_n_1000_1.newick,23,49,35652134,35980519
simphyout\pop_8_n_1000_1.newick,24,25,34869073,35174693
simphyout\pop_8_n_1000_1.newick,24,26,36653171,37017222
simphyout\pop_8_n_1000_1.newick,24,27,37412107,37763305
simphyout\pop_8_n_1000_1.newick,24,28,36127708,36480504
simphyout\pop_8_n_1000_1.newick,24,29,36783806,37144106
simphyout\pop_8_n_1000_1.newick,24,30,38617640,38949025
simphyout\pop_8_n_1000_1.newick,24,31,38511485,38929087
simphyout\pop_8_n_1000_1.newick,24,32,37733790,38052793
simphyout\pop_8_n_1000_1.newick,24,33,37085032,37402488
simphyout\pop_8_n_1000_1.newick,24,34,35734470,36081811
simphyout\pop_8_n_1000_1.newick,24,35,35639274,36000345
simphyout\pop_8_n_1000_1.newick,24,36,33756600,34108272
simphyout\pop_8_n_1000_1.newick,24,37,35815350,36162434
simphyout\pop_8_n_1000_1.newick,24,38,38316426,38672612
simphyout\pop_8_n_1000_1.newick,24,39,36529773,36834382
simphyout\pop_8_n_1000_1.newick,24,40,37536872,37906133
simphyout\pop_8_n_1000_1.newick,24,41,38100981,38456205
simphyout\pop_8_n_1000_1.newick,24,42,35967038,36709689
simphyout\pop_8_n_1000_1.newick,24,43,36255226,36607919
simphyout\pop_8_n_1000_1.newick,24,44,38543849,38860563
simphyout\pop_8_n_1000_1.newick,24,45,37503338,37860604
simphyout\pop_8_n_1000_1.newick,24,46,36435666,36779822
simphyout\pop_8_n_1000_1.newick,24,47,36854514,37203323
simphyout\pop_8_n_1000_1.newick,24,48,35701897,36049758
simphyout\pop_8_n_1000_1.newick,24,49,36876955,37225800
simphyout\pop_8_n_1000_1.newick,25,26,34450575,34812510
simphyout\pop_8_n_1000_1.newick,25,27,34621929,34977667
simphyout\pop_8_n_1000_1.newick,25,28,32004069,32319447
simphyout\pop_8_n_1000_1.newick,25,29,33392335,33729423
simphyout\pop_8_n_1000_1.newick,25,30,32154682,32444602
simphyout\pop_8_n_1000_1.newick,25,31,32939770,33281186
simphyout\pop_8_n_1000_1.newick,25,32,33344497,33699669
simphyout\pop_8_n_1000_1.newick,25,33,34519728,34875733
simphyout\pop_8_n_1000_1.newick,25,34,34230178,34554155
simphyout\pop_8_n_1000_1.newick,25,35,34258613,34611943
simphyout\pop_8_n_1000_1.newick,25,36,33235210,33559041
simphyout\pop_8_n_1000_1.newick,25,37,35281107,35588493
simphyout\pop_8_n_1000_1.newick,25,38,35594541,35957642
simphyout\pop_8_n_1000_1.newick,25,39,35454667,35800886
simphyout\pop_8_n_1000_1.newick,25,40,32986384,33355442
simphyout\pop_8_n_1000_1.newick,25,41,33191623,33511253
simphyout\pop_8_n_1000_1.newick,25,42,33446405,33814654
simphyout\pop_8_n_1000_1.newick,25,43,35485467,35846243
simphyout\pop_8_n_1000_1.newick,25,44,36930293,37291033
simphyout\pop_8_n_1000_1.newick,25,45,32669120,33015084
simphyout\pop_8_n_1000_1.newick,25,46,33243775,33605330
simphyout\pop_8_n_1000_1.newick,25,47,36343422,36709179
simphyout\pop_8_n_1000_1.newick,25,48,35499835,35831675
simphyout\pop_8_n_1000_1.newick,25,49,34294333,34631814
simphyout\pop_8_n_1000_1.newick,26,27,38277048,38606600
simphyout\pop_8_n_1000_1.newick,26,28,35579416,35941059
simphyout\pop_8_n_1000_1.newick,26,29,37657364,37976289
simphyout\pop_8_n_1000_1.newick,26,30,36970305,37314250
simphyout\pop_8_n_1000_1.newick,26,31,34779129,35123941
simphyout\pop_8_n_1000_1.newick,26,32,35659395,36014459
simphyout\pop_8_n_1000_1.newick,26,33,37954954,38253429
simphyout\pop_8_n_1000_1.newick,26,34,37445838,37803726
simphyout\pop_8_n_1000_1.newick,26,35,38059644,38398862
simphyout\pop_8_n_1000_1.newick,26,36,37296877,37750202
simphyout\pop_8_n_1000_1.newick,26,37,38222948,38565762
simphyout\pop_8_n_1000_1.newick,26,38,38670855,39011194
simphyout\pop_8_n_1000_1.newick,26,39,37670866,38024161
simphyout\pop_8_n_1000_1.newick,26,40,37140114,37499194
simphyout\pop_8_n_1000_1.newick,26,41,36840455,37173059
simphyout\pop_8_n_1000_1.newick,26,42,37138662,37489961
simphyout\pop_8_n_1000_1.newick,26,43,36913335,37274644
simphyout\pop_8_n_1000_1.newick,26,44,38590805,38945145
simphyout\pop_8_n_1000_1.newick,26,45,35690588,36044279
simphyout\pop_8_n_1000_1.newick,26,46,35272637,35620590
simphyout\pop_8_n_1000_1.newick,26,47,38027246,38390478
simphyout\pop_8_n_1000_1.newick,26,48,37508549,37843576
simphyout\pop_8_n_1000_1.newick,26,49,39525663,39878341
simphyout\pop_8_n_1000_1.newick,27,28,37669314,38021135
simphyout\pop_8_n_1000_1.newick,27,29,37743545,38088879
simphyout\pop_8_n_1000_1.newick,27,30,36823463,37525170
simphyout\pop_8_n_1000_1.newick,27,31,40322589,40684368
simphyout\pop_8_n_1000_1.newick,27,32,36316394,37006990
simphyout\pop_8_n_1000_1.newick,27,33,39390561,39746367
simphyout\pop_8_n_1000_1.newick,27,34,40875836,41232761
simphyout\pop_8_n_1000_1.newick,27,35,36430022,36797018
simphyout\pop_8_n_1000_1.newick,27,36,36192924,36535379
simphyout\pop_8_n_1000_1.newick,27,37,37393760,37796015
simphyout\pop_8_n_1000_1.newick,27,38,39234640,39595264
simphyout\pop_8_n_1000_1.newick,27,39,39608333,39937505
simphyout\pop_8_n_1000_1.newick,27,40,40023385,40332273
simphyout\pop_8_n_1000_1.newick,27,41,37293845,37646583
simphyout\pop_8_n_1000_1.newick,27,42,37622971,37960620
simphyout\pop_8_n_1000_1.newick,27,43,41190984,41536615
simphyout\pop_8_n_1000_1.newick,27,44,38958402,39315002
simphyout\pop_8_n_1000_1.newick,27,45,38083627,38442984
simphyout\pop_8_n_1000_1.newick,27,46,36757946,37112984
simphyout\pop_8_n_1000_1.newick,27,47,39250330,39584449
simphyout\pop_8_n_1000_1.newick,27,48,39036737,39385647
simphyout\pop_8_n_1000_1.newick,27,49,37279063,37628029
simphyout\pop_8_n_1000_1.newick,28,29,37965304,38293216
simphyout\pop_8_n_1000_1.newick,28,30,35533461,35933001
simphyout\pop_8_n_1000_1.newick,28,31,34549927,34886252
simphyout\pop_8_n_1000_1.newick,28,32,36951114,37282604
simphyout\pop_8_n_1000_1.newick,28,33,37765863,38130866
simphyout\pop_8_n_1000_1.newick,28,34,37912915,38270507
simphyout\pop_8_n_1000_1.newick,28,35,36188260,36525449
simphyout\pop_8_n_1000_1.newick,28,36,38197767,38553704
simphyout\pop_8_n_1000_1.newick,28,37,37318588,37677885
simphyout\pop_8_n_1000_1.newick,28,38,36523926,36839275
simphyout\pop_8_n_1000_1.newick,28,39,40815140,41196338
simphyout\pop_8_n_1000_1.newick,28,40,37513670,37897457
simphyout\pop_8_n_1000_1.newick,28,41,39292977,39667644
simphyout\pop_8_n_1000_1.newick,28,42,39178181,39579752
simphyout\pop_8_n_1000_1.newick,28,43,40769756,41127029
simphyout\pop_8_n_1000_1.newick,28,44,41795775,42190342
simphyout\pop_8_n_1000_1.newick,28,45,41430504,41968733
simphyout\pop_8_n_1000_1.newick,28,46,34383155,34737125
simphyout\pop_8_n_1000_1.newick,28,47,36563805,36975375
simphyout\pop_8_n_1000_1.newick,28,48,32656074,33001653
simphyout\pop_8_n_1000_1.newick,28,49,36922835,37287626
simphyout\pop_8_n_1000_1.newick,29,30,37389880,37749528
simphyout\pop_8_n_1000_1.newick,29,31,38956549,39323611
simphyout\pop_8_n_1000_1.newick,29,32,36283183,36645331
simphyout\pop_8_n_1000_1.newick,29,33,37358294,37719700
simphyout\pop_8_n_1000_1.newick,29,34,37406891,37725340
simphyout\pop_8_n_1000_1.newick,29,35,36408370,36755579
simphyout\pop_8_n_1000_1.newick,29,36,36080281,36421643
simphyout\pop_8_n_1000_1.newick,29,37,34569951,34916332
simphyout\pop_8_n_1000_1.newick,29,38,39125474,39495616
simphyout\pop_8_n_1000_1.newick,29,39,36667128,37007655
simphyout\pop_8_n_1000_1.newick,29,40,35948015,36266446
simphyout\pop_8_n_1000_1.newick,29,41,37769093,38129692
simphyout\pop_8_n_1000_1.newick,29,42,37316046,37639393
simphyout\pop_8_n_1000_1.newick,29,43,35593928,35952462
simphyout\pop_8_n_1000_1.newick,29,44,36685819,37027073
simphyout\pop_8_n_1000_1.newick,29,45,37109307,37442852
simphyout\pop_8_n_1000_1.newick,29,46,36346493,36709311
simphyout\pop_8_n_1000_1.newick,29,47,38680545,39015873
simphyout\pop_8_n_1000_1.newick,29,48,36834815,37184907
simphyout\pop_8_n_1000_1.newick,29,49,35331275,35648382
simphyout\pop_8_n_1000_1.newick,30,31,37827823,38205806
simphyout\pop_8_n_1000_1.newick,30,32,35149556,35490472
simphyout\pop_8_n_1000_1.newick,30,33,37643742,38001645
simphyout\pop_8_n_1000_1.newick,30,34,36352767,36693945
simphyout\pop_8_n_1000_1.newick,30,35,35382047,35727048
simphyout\pop_8_n_1000_1.newick,30,36,36143306,36517328
simphyout\pop_8_n_1000_1.newick,30,37,35618970,35969793
simphyout\pop_8_n_1000_1.newick,30,38,36802873,37164506
simphyout\pop_8_n_1000_1.newick,30,39,35501670,35852578
simphyout\pop_8_n_1000_1.newick,30,40,36575876,36926289
simphyout\pop_8_n_1000_1.newick,30,41,35209492,35505269
simphyout\pop_8_n_1000_1.newick,30,42,36611846,36970820
simphyout\pop_8_n_1000_1.newick,30,43,34223563,34519177
simphyout\pop_8_n_1000_1.newick,30,44,38062533,38397873
simphyout\pop_8_n_1000_1.newick,30,45,35861967,36210783
simphyout\pop_8_n_1000_1.newick,30,46,33257830,33616051
simphyout\pop_8_n_1000_1.newick,30,47,38219450,38577073
simphyout\pop_8_n_1000_1.newick,30,48,36052663,36397701
simphyout\pop_8_n_1000_1.newick,30,49,37480262,37831700
simphyout\pop_8_n_1000_1.newick,31,32,35186563,35524731
simphyout\pop_8_n_1000_1.newick,31,33,35830846,36178568
simphyout\pop_8_n_1000_1.newick,31,34,35672302,36024978
simphyout\pop_8_n_1000_1.newick,31,35,34759919,35097549
simphyout\pop_8_n_1000_1.newick,31,36,34941896,35316279
simphyout\pop_8_n_1000_1.newick,31,37,34305055,34623423
simphyout\pop_8_n_1000_1.newick,31,38,36228145,36591500
simphyout\pop_8_n_1000_1.newick,31,39,36841096,37171415
simphyout\pop_8_n_1000_1.newick,31,40,34373563,34715351
simphyout\pop_8_n_1000_1.newick,31,41,35028419,35388857
simphyout\pop_8_n_1000_1.newick,31,42,36516655,36864580
simphyout\pop_8_n_1000_1.newick,31,43,34336790,34629063
simphyout\pop_8_n_1000_1.newick,31,44,34913063,35270020
simphyout\pop_8_n_1000_1.newick,31,45,33725292,34071892
simphyout\pop_8_n_1000_1.newick,31,46,35426505,35752579
simphyout\pop_8_n_1000_1.newick,31,47,38113947,38425878
simphyout\pop_8_n_1000_1.newick,31,48,35737210,36097325
simphyout\pop_8_n_1000_1.newick,31,49,35680017,35991148
simphyout\pop_8_n_1000_1.newick,32,33,34206476,34520097
simphyout\pop_8_n_1000_1.newick,32,34,34094179,34457094
simphyout\pop_8_n_1000_1.newick,32,35,34630789,34977578
simphyout\pop_8_n_1000_1.newick,32,36,33996080,34311855
simphyout\pop_8_n_1000_1.newick,32,37,36962619,37285278
simphyout\pop_8_n_1000_1.newick,32,38,35707423,36033318
simphyout\pop_8_n_1000_1.newick,32,39,36177138,36507023
simphyout\pop_8_n_1000_1.newick,32,40,35075228,35397625
simphyout\pop_8_n_1000_1.newick,32,41,34268987,34640360
simphyout\pop_8_n_1000_1.newick,32,42,34608949,34977922
simphyout\pop_8_n_1000_1.newick,32,43,35118072,35516704
simphyout\pop_8_n_1000_1.newick,32,44,37052745,37396177
simphyout\pop_8_n_1000_1.newick,32,45,35589586,35933422
simphyout\pop_8_n_1000_1.newick,32,46,33025576,33396014
simphyout\pop_8_n_1000_1.newick,32,47,33905184,34260775
simphyout\pop_8_n_1000_1.newick,32,48,35551346,35901301
simphyout\pop_8_n_1000_1.newick,32,49,34785673,35147581
simphyout\pop_8_n_1000_1.newick,33,34,36278318,36623159
simphyout\pop_8_n_1000_1.newick,33,35,37454490,37811541
simphyout\pop_8_n_1000_1.newick,33,36,36770978,37134084
simphyout\pop_8_n_1000_1.newick,33,37,36314085,36669174
simphyout\pop_8_n_1000_1.newick,33,38,34808382,35156891
simphyout\pop_8_n_1000_1.newick,33,39,37343743,37706977
simphyout\pop_8_n_1000_1.newick,33,40,35546430,35865518
simphyout\pop_8_n_1000_1.newick,33,41,37651020,38028297
simphyout\pop_8_n_1000_1.newick,33,42,40815254,41221218
simphyout\pop_8_n_1000_1.newick,33,43,35123647,35502491
simphyout\pop_8_n_1000_1.newick,33,44,36285308,36627276
simphyout\pop_8_n_1000_1.newick,33,45,38115499,38414286
simphyout\pop_8_n_1000_1.newick,33,46,33792790,34158210
simphyout\pop_8_n_1000_1.newick,33,47,36027208,36387239
simphyout\pop_8_n_1000_1.newick,33,48,34259849,34615119
simphyout\pop_8_n_1000_1.newick,33,49,36732464,37099479
simphyout\pop_8_n_1000_1.newick,34,35,35657947,36006464
simphyout\pop_8_n_1000_1.newick,34,36,35814703,36155880
simphyout\pop_8_n_1000_1.newick,34,37,35897888,36210186
simphyout\pop_8_n_1000_1.newick,34,38,37859870,38218362
simphyout\pop_8_n_1000_1.newick,34,39,37362924,37714537
simphyout\pop_8_n_1000_1.newick,34,40,39679849,40028413
simphyout\pop_8_n_1000_1.newick,34,41,38384077,38716117
simphyout\pop_8_n_1000_1.newick,34,42,35793471,36144443
simphyout\pop_8_n_1000_1.newick,34,43,37030401,37382413
simphyout\pop_8_n_1000_1.newick,34,44,39145940,39460825
simphyout\pop_8_n_1000_1.newick,34,45,37483339,37845408
simphyout\pop_8_n_1000_1.newick,34,46,34649248,34990908
simphyout\pop_8_n_1000_1.newick,34,47,39499889,39842565
simphyout\pop_8_n_1000_1.newick,34,48,37028767,37341404
simphyout\pop_8_n_1000_1.newick,34,49,36559741,36915756
simphyout\pop_8_n_1000_1.newick,35,36,34020919,34330105
simphyout\pop_8_n_1000_1.newick,35,37,32940945,33295101
simphyout\pop_8_n_1000_1.newick,35,38,37389635,37751261
simphyout\pop_8_n_1000_1.newick,35,39,34148219,34455842
simphyout\pop_8_n_1000_1.newick,35,40,36312901,36631222
simphyout\pop_8_n_1000_1.newick,35,41,37115939,37462154
simphyout\pop_8_n_1000_1.newick,35,42,36173602,36482751
simphyout\pop_8_n_1000_1.newick,35,43,35471489,35850254
simphyout\pop_8_n_1000_1.newick,35,44,36785932,37134633
simphyout\pop_8_n_1000_1.newick,35,45,36458886,36806802
simphyout\pop_8_n_1000_1.newick,35,46,35326481,35657944
simphyout\pop_8_n_1000_1.newick,35,47,37397122,37748423
simphyout\pop_8_n_1000_1.newick,35,48,36864339,37209561
simphyout\pop_8_n_1000_1.newick,35,49,34808256,35157230
simphyout\pop_8_n_1000_1.newick,36,37,36607000,36969978
simphyout\pop_8_n_1000_1.newick,36,38,35796413,36188832
simphyout\pop_8_n_1000_1.newick,36,39,35538124,35938781
simphyout\pop_8_n_1000_1.newick,36,40,34517666,34864006
simphyout\pop_8_n_1000_1.newick,36,41,33870084,34228293
simphyout\pop_8_n_1000_1.newick,36,42,34535873,34868981
simphyout\pop_8_n_1000_1.newick,36,43,33900665,34239373
simphyout\pop_8_n_1000_1.newick,36,44,37025944,37395359
simphyout\pop_8_n_1000_1.newick,36,45,34646597,34987132
simphyout\pop_8_n_1000_1.newick,36,46,36240761,36603601
simphyout\pop_8_n_1000_1.newick,36,47,36927257,37281372
simphyout\pop_8_n_1000_1.newick,36,48,35998013,36306433
simphyout\pop_8_n_1000_1.newick,36,49,34082433,34418472
simphyout\pop_8_n_1000_1.newick,37,38,34671886,35025375
simphyout\pop_8_n_1000_1.newick,37,39,35897426,36251825
simphyout\pop_8_n_1000_1.newick,37,40,30128947,30447588
simphyout\pop_8_n_1000_1.newick,37,41,34373347,34778656
simphyout\pop_8_n_1000_1.newick,37,42,34657304,35004216
simphyout\pop_8_n_1000_1.newick,37,43,37867090,38222299
simphyout\pop_8_n_1000_1.newick,37,44,35585056,35928971
simphyout\pop_8_n_1000_1.newick,37,45,36025723,36363029
simphyout\pop_8_n_1000_1.newick,37,46,32758889,33081085
simphyout\pop_8_n_1000_1.newick,37,47,35832665,36191267
simphyout\pop_8_n_1000_1.newick,37,48,34760525,35110490
simphyout\pop_8_n_1000_1.newick,37,49,37926618,38237105
simphyout\pop_8_n_1000_1.newick,38,39,38274723,38665535
simphyout\pop_8_n_1000_1.newick,38,40,37833989,38183752
simphyout\pop_8_n_1000_1.newick,38,41,39461223,39823022
simphyout\pop_8_n_1000_1.newick,38,42,37152614,37503113
simphyout\pop_8_n_1000_1.newick,38,43,36874352,37206425
simphyout\pop_8_n_1000_1.newick,38,44,40485996,40833903
simphyout\pop_8_n_1000_1.newick,38,45,37186696,37516370
simphyout\pop_8_n_1000_1.newick,38,46,36238284,36595293
simphyout\pop_8_n_1000_1.newick,38,47,40226301,40570932
simphyout\pop_8_n_1000_1.newick,38,48,39685627,40228953
simphyout\pop_8_n_1000_1.newick,38,49,37009002,37369085
simphyout\pop_8_n_1000_1.newick,39,40,35462764,35805352
simphyout\pop_8_n_1000_1.newick,39,41,37377212,37710112
simphyout\pop_8_n_1000_1.newick,39,42,36917980,37222800
simphyout\pop_8_n_1000_1.newick,39,43,39423647,39775511
simphyout\pop_8_n_1000_1.newick,39,44,40133800,40481034
simphyout\pop_8_n_1000_1.newick,39,45,40928255,41238392
simphyout\pop_8_n_1000_1.newick,39,46,33357608,33722317
simphyout\pop_8_n_1000_1.newick,39,47,39526148,39863610
simphyout\pop_8_n_1000_1.newick,39,48,38894488,39245849
simphyout\pop_8_n_1000_1.newick,39,49,41053948,41401180
simphyout\pop_8_n_1000_1.newick,40,41,31666345,32374304
simphyout\pop_8_n_1000_1.newick,40,42,33424011,33725663
simphyout\pop_8_n_1000_1.newick,40,43,32438068,32755444
simphyout\pop_8_n_1000_1.newick,40,44,35371706,35715643
simphyout\pop_8_n_1000_1.newick,40,45,32123359,32483637
simphyout\pop_8_n_1000_1.newick,40,46,33332863,33632508
simphyout\pop_8_n_1000_1.newick,40,47,32106237,32450870
simphyout\pop_8_n_1000_1.newick,40,48,33655049,33957330
simphyout\pop_8_n_1000_1.newick,40,49,34296377,34654155
simphyout\pop_8_n_1000_1.newick,41,42,33556348,33904674
simphyout\pop_8_n_1000_1.newick,41,43,34454311,34801830
simphyout\pop_8_n_1000_1.newick,41,44,35253888,35606814
simphyout\pop_8_n_1000_1.newick,41,45,34185766,34556051
simphyout\pop_8_n_1000_1.newick,41,46,31118716,31513212
simphyout\pop_8_n_1000_1.newick,41,47,34323819,34629470
simphyout\pop_8_n_1000_1.newick,41,48,33103394,33456672
simphyout\pop_8_n_1000_1.newick,41,49,34881890,35191248
simphyout\pop_8_n_1000_1.newick,42,43,35332411,35685989
simphyout\pop_8_n_1000_1.newick,42,44,37174778,37512170
simphyout\pop_8_n_1000_1.newick,42,45,36778769,37122107
simphyout\pop_8_n_1000_1.newick,42,46,35457823,35762204
simphyout\pop_8_n_1000_1.newick,42,47,38585734,38945509
simphyout\pop_8_n_1000_1.newick,42,48,35944763,36294130
simphyout\pop_8_n_1000_1.newick,42,49,36037220,36380318
simphyout\pop_8_n_1000_1.newick,43,44,35828282,36187947
simphyout\pop_8_n_1000_1.newick,43,45,34505123,34843621
simphyout\pop_8_n_1000_1.newick,43,46,33402925,33746105
simphyout\pop_8_n_1000_1.newick,43,47,36125708,36487439
simphyout\pop_8_n_1000_1.newick,43,48,36451776,36813442
simphyout\pop_8_n_1000_1.newick,43,49,37395209,37731278
simphyout\pop_8_n_1000_1.newick,44,45,35836380,36184709
simphyout\pop_8_n_1000_1.newick,44,46,35149995,35508386
simphyout\pop_8_n_1000_1.newick,44,47,36671015,37020899
simphyout\pop_8_n_1000_1.newick,44,48,35936365,36293237
simphyout\pop_8_n_1000_1.newick,44,49,36654192,37011275
simphyout\pop_8_n_1000_1.newick,45,46,33364609,33717162
simphyout\pop_8_n_1000_1.newick,45,47,36102947,36455297
simphyout\pop_8_n_1000_1.newick,45,48,35245989,35591357
simphyout\pop_8_n_1000_1.newick,45,49,38791271,39136647
simphyout\pop_8_n_1000_1.newick,46,47,34697475,35042788
simphyout\pop_8_n_1000_1.newick,46,48,32734925,33080482
simphyout\pop_8_n_1000_1.newick,46,49,35632222,35990540
simphyout\pop_8_n_1000_1.newick,47,48,34679508,35020622
simphyout\pop_8_n_1000_1.newick,47,49,35727420,36086211
simphyout\pop_8_n_1000_1.newick,48,49,35561604,35911049
simphyout\pop_9_n_1000_1.newick,0,21,12384738,12693388
simphyout\pop_9_n_1000_1.newick,0,22,11890928,12217701
simphyout\pop_9_n_1000_1.newick,0,23,12302167,12661450
simphyout\pop_9_n_1000_1.newick,0,24,10450664,10783810
simphyout\pop_9_n_1000_1.newick,0,25,13853480,14207911
simphyout\pop_9_n_1000_1.newick,0,26,12654059,12993471
simphyout\pop_9_n_1000_1.newick,0,27,15354907,15655107
simphyout\pop_9_n_1000_1.newick,0,28,9330159,10067465
simphyout\pop_9_n_1000_1.newick,0,29,13634324,13999204
simphyout\pop_9_n_1000_1.newick,0,30,12245603,12573384
simphyout\pop_9_n_1000_1.newick,0,31,15660824,15967804
simphyout\pop_9_n_1000_1.newick,0,32,11703077,12015896
simphyout\pop_9_n_1000_1.newick,0,33,10272751,10578667
simphyout\pop_9_n_1000_1.newick,0,34,10334423,10749233
simphyout\pop_9_n_1000_1.newick,0,35,11261595,11600593
simphyout\pop_9_n_1000_1.newick,0,36,11265391,11595098
simphyout\pop_9_n_1000_1.newick,0,37,12612703,12955948
simphyout\pop_9_n_1000_1.newick,0,38,12303116,12641253
simphyout\pop_9_n_1000_1.newick,0,39,13262064,13567342
simphyout\pop_9_n_1000_1.newick,0,40,13761901,14118977
simphyout\pop_9_n_1000_1.newick,0,41,14928262,15429282
simphyout\pop_9_n_1000_1.newick,0,42,12853357,13184305
simphyout\pop_9_n_1000_1.newick,0,43,12044324,12349579
simphyout\pop_9_n_1000_1.newick,0,44,12588312,12890328
simphyout\pop_9_n_1000_1.newick,0,45,11612341,11906375
simphyout\pop_9_n_1000_1.newick,0,46,10986631,11320913
simphyout\pop_9_n_1000_1.newick,0,47,13061062,13403408
simphyout\pop_9_n_1000_1.newick,0,48,10826039,11137455
simphyout\pop_9_n_1000_1.newick,0,49,12975468,13301950
simphyout\pop_9_n_1000_1.newick,1,21,11442456,12141229
simphyout\pop_9_n_1000_1.newick,1,22,12521375,12966081
simphyout\pop_9_n_1000_1.newick,1,23,11052817,11362708
simphyout\pop_9_n_1000_1.newick,1,24,12237564,12574233
simphyout\pop_9_n_1000_1.newick,1,25,13533402,13874774
simphyout\pop_9_n_1000_1.newick,1,26,12110294,12454170
simphyout\pop_9_n_1000_1.newick,1,27,13300436,13633730
simphyout\pop_9_n_1000_1.newick,1,28,12500602,12798860
simphyout\pop_9_n_1000_1.newick,1,29,14698731,15001331
simphyout\pop_9_n_1000_1.newick,1,30,11776548,12126597
simphyout\pop_9_n_1000_1.newick,1,31,9737682,10076058
simphyout\pop_9_n_1000_1.newick,1,32,12009017,12806368
simphyout\pop_9_n_1000_1.newick,1,33,11070618,11408534
simphyout\pop_9_n_1000_1.newick,1,34,12858784,13189914
simphyout\pop_9_n_1000_1.newick,1,35,10420266,10764393
simphyout\pop_9_n_1000_1.newick,1,36,12880537,13230881
simphyout\pop_9_n_1000_1.newick,1,37,12811598,13175741
simphyout\pop_9_n_1000_1.newick,1,38,13626949,13951505
simphyout\pop_9_n_1000_1.newick,1,39,14758985,15096128
simphyout\pop_9_n_1000_1.newick,1,40,10262252,10552615
simphyout\pop_9_n_1000_1.newick,1,41,16554495,17221217
simphyout\pop_9_n_1000_1.newick,1,42,12562536,12881501
simphyout\pop_9_n_1000_1.newick,1,43,13867591,14199694
simphyout\pop_9_n_1000_1.newick,1,44,13355224,13804234
simphyout\pop_9_n_1000_1.newick,1,45,14502290,14831782
simphyout\pop_9_n_1000_1.newick,1,46,13442538,13765380
simphyout\pop_9_n_1000_1.newick,1,47,16306640,16950086
simphyout\pop_9_n_1000_1.newick,1,48,13281422,13961713
simphyout\pop_9_n_1000_1.newick,1,49,12653617,12996189
simphyout\pop_9_n_1000_1.newick,2,21,9276721,9583269
simphyout\pop_9_n_1000_1.newick,2,22,11796072,12117734
simphyout\pop_9_n_1000_1.newick,2,23,10120867,10462624
simphyout\pop_9_n_1000_1.newick,2,24,9580273,9937293
simphyout\pop_9_n_1000_1.newick,2,25,11200374,11559326
simphyout\pop_9_n_1000_1.newick,2,26,12375229,12675215
simphyout\pop_9_n_1000_1.newick,2,27,13374306,13715362
simphyout\pop_9_n_1000_1.newick,2,28,15910643,16235022
simphyout\pop_9_n_1000_1.newick,2,29,12012605,12356963
simphyout\pop_9_n_1000_1.newick,2,30,13228355,13535080
simphyout\pop_9_n_1000_1.newick,2,31,11497866,11811961
simphyout\pop_9_n_1000_1.newick,2,32,11389919,11684381
simphyout\pop_9_n_1000_1.newick,2,33,12043792,12350655
simphyout\pop_9_n_1000_1.newick,2,34,11441727,11774446
simphyout\pop_9_n_1000_1.newick,2,35,12507440,12846685
simphyout\pop_9_n_1000_1.newick,2,36,10353772,10689246
simphyout\pop_9_n_1000_1.newick,2,37,11720838,12027916
simphyout\pop_9_n_1000_1.newick,2,38,11679049,12021003
simphyout\pop_9_n_1000_1.newick,2,39,10334108,10678704
simphyout\pop_9_n_1000_1.newick,2,40,12531556,12881026
simphyout\pop_9_n_1000_1.newick,2,41,13940926,14223603
simphyout\pop_9_n_1000_1.newick,2,42,13288626,13624941
simphyout\pop_9_n_1000_1.newick,2,43,14283798,14622568
simphyout\pop_9_n_1000_1.newick,2,44,14803217,15109753
simphyout\pop_9_n_1000_1.newick,2,45,12953355,13295797
simphyout\pop_9_n_1000_1.newick,2,46,12043210,12350077
simphyout\pop_9_n_1000_1.newick,2,47,11852782,12236030
simphyout\pop_9_n_1000_1.newick,2,48,12268027,12613868
simphyout\pop_9_n_1000_1.newick,2,49,10835571,11178749
simphyout\pop_9_n_1000_1.newick,3,21,13474837,13779647
simphyout\pop_9_n_1000_1.newick,3,22,14921592,15272222
simphyout\pop_9_n_1000_1.newick,3,23,13468854,13786617
simphyout\pop_9_n_1000_1.newick,3,24,10825535,11138613
simphyout\pop_9_n_1000_1.newick,3,25,11481563,11822252
simphyout\pop_9_n_1000_1.newick,3,26,14932245,15225549
simphyout\pop_9_n_1000_1.newick,3,27,11300357,11648931
simphyout\pop_9_n_1000_1.newick,3,28,12327826,12663477
simphyout\pop_9_n_1000_1.newick,3,29,11049858,11348069
simphyout\pop_9_n_1000_1.newick,3,30,13334715,13685375
simphyout\pop_9_n_1000_1.newick,3,31,12367683,12691268
simphyout\pop_9_n_1000_1.newick,3,32,10703814,11038744
simphyout\pop_9_n_1000_1.newick,3,33,12900659,13216853
simphyout\pop_9_n_1000_1.newick,3,34,10773471,11106083
simphyout\pop_9_n_1000_1.newick,3,35,12032358,12345649
simphyout\pop_9_n_1000_1.newick,3,36,13757434,14087850
simphyout\pop_9_n_1000_1.newick,3,37,11425770,11791801
simphyout\pop_9_n_1000_1.newick,3,38,13107615,13439142
simphyout\pop_9_n_1000_1.newick,3,39,13962808,14289875
simphyout\pop_9_n_1000_1.newick,3,40,13092117,13434077
simphyout\pop_9_n_1000_1.newick,3,41,9178470,9512641
simphyout\pop_9_n_1000_1.newick,3,42,11584076,11920152
simphyout\pop_9_n_1000_1.newick,3,43,12018217,12337264
simphyout\pop_9_n_1000_1.newick,3,44,14384388,14717661
simphyout\pop_9_n_1000_1.newick,3,45,14409513,15200464
simphyout\pop_9_n_1000_1.newick,3,46,11268808,11575479
simphyout\pop_9_n_1000_1.newick,3,47,13978406,14322695
simphyout\pop_9_n_1000_1.newick,3,48,12974515,13313092
simphyout\pop_9_n_1000_1.newick,3,49,12498190,12836941
simphyout\pop_9_n_1000_1.newick,4,21,14477755,14985538
simphyout\pop_9_n_1000_1.newick,4,22,12480301,12811485
simphyout\pop_9_n_1000_1.newick,4,23,10711293,11030727
simphyout\pop_9_n_1000_1.newick,4,24,13938128,14295131
simphyout\pop_9_n_1000_1.newick,4,25,12367702,12702816
simphyout\pop_9_n_1000_1.newick,4,26,11512849,11840433
simphyout\pop_9_n_1000_1.newick,4,27,13866045,14204073
simphyout\pop_9_n_1000_1.newick,4,28,11804060,12165728
simphyout\pop_9_n_1000_1.newick,4,29,12069117,12405105
simphyout\pop_9_n_1000_1.newick,4,30,10951206,11254906
simphyout\pop_9_n_1000_1.newick,4,31,15522204,15852271
simphyout\pop_9_n_1000_1.newick,4,32,13910948,14452268
simphyout\pop_9_n_1000_1.newick,4,33,12899492,13213583
simphyout\pop_9_n_1000_1.newick,4,34,10080195,10431028
simphyout\pop_9_n_1000_1.newick,4,35,8906512,9278143
simphyout\pop_9_n_1000_1.newick,4,36,10010120,10434576
simphyout\pop_9_n_1000_1.newick,4,37,13549743,13888997
simphyout\pop_9_n_1000_1.newick,4,38,12493843,12855647
simphyout\pop_9_n_1000_1.newick,4,39,10277552,10570906
simphyout\pop_9_n_1000_1.newick,4,40,11367834,11719148
simphyout\pop_9_n_1000_1.newick,4,41,12552969,12895065
simphyout\pop_9_n_1000_1.newick,4,42,13723960,14070057
simphyout\pop_9_n_1000_1.newick,4,43,10404341,10755716
simphyout\pop_9_n_1000_1.newick,4,44,12380403,12734888
simphyout\pop_9_n_1000_1.newick,4,45,14562183,14886175
simphyout\pop_9_n_1000_1.newick,4,46,13365981,13707752
simphyout\pop_9_n_1000_1.newick,4,47,13038955,13320994
simphyout\pop_9_n_1000_1.newick,4,48,10160908,10488319
simphyout\pop_9_n_1000_1.newick,4,49,10614300,11250030
simphyout\pop_9_n_1000_1.newick,5,21,9801200,10133605
simphyout\pop_9_n_1000_1.newick,5,22,12274612,13041787
simphyout\pop_9_n_1000_1.newick,5,23,11773069,12128406
simphyout\pop_9_n_1000_1.newick,5,24,10265817,10572541
simphyout\pop_9_n_1000_1.newick,5,25,10972779,11314111
simphyout\pop_9_n_1000_1.newick,5,26,11144335,11482902
simphyout\pop_9_n_1000_1.newick,5,27,14634807,14959351
simphyout\pop_9_n_1000_1.newick,5,28,12653142,12987733
simphyout\pop_9_n_1000_1.newick,5,29,13355633,13660231
simphyout\pop_9_n_1000_1.newick,5,30,12905225,13228751
simphyout\pop_9_n_1000_1.newick,5,31,16260534,16600396
simphyout\pop_9_n_1000_1.newick,5,32,14270310,14624156
simphyout\pop_9_n_1000_1.newick,5,33,11027684,11351780
simphyout\pop_9_n_1000_1.newick,5,34,12304649,12640460
simphyout\pop_9_n_1000_1.newick,5,35,14795107,15110992
simphyout\pop_9_n_1000_1.newick,5,36,12058122,12393189
simphyout\pop_9_n_1000_1.newick,5,37,10427849,10762173
simphyout\pop_9_n_1000_1.newick,5,38,11035912,11369076
simphyout\pop_9_n_1000_1.newick,5,39,12879671,13262986
simphyout\pop_9_n_1000_1.newick,5,40,12651908,12991275
simphyout\pop_9_n_1000_1.newick,5,41,12306512,12648736
simphyout\pop_9_n_1000_1.newick,5,42,13194641,13524714
simphyout\pop_9_n_1000_1.newick,5,43,11294674,11636708
simphyout\pop_9_n_1000_1.newick,5,44,12555551,12875258
simphyout\pop_9_n_1000_1.newick,5,45,13122223,13477924
simphyout\pop_9_n_1000_1.newick,5,46,12613167,12994739
simphyout\pop_9_n_1000_1.newick,5,47,11475075,11801310
simphyout\pop_9_n_1000_1.newick,5,48,12512512,12843894
simphyout\pop_9_n_1000_1.newick,5,49,10007543,10348820
simphyout\pop_9_n_1000_1.newick,6,21,13395668,13748250
simphyout\pop_9_n_1000_1.newick,6,22,12171406,12518745
simphyout\pop_9_n_1000_1.newick,6,23,13764736,14097199
simphyout\pop_9_n_1000_1.newick,6,24,11696220,12026029
simphyout\pop_9_n_1000_1.newick,6,25,13187233,13511915
simphyout\pop_9_n_1000_1.newick,6,26,14928592,15217449
simphyout\pop_9_n_1000_1.newick,6,27,12860955,13200505
simphyout\pop_9_n_1000_1.newick,6,28,12175289,12509011
simphyout\pop_9_n_1000_1.newick,6,29,11802636,12124481
simphyout\pop_9_n_1000_1.newick,6,30,11353198,11695869
simphyout\pop_9_n_1000_1.newick,6,31,11231524,11564696
simphyout\pop_9_n_1000_1.newick,6,32,12805255,13136999
simphyout\pop_9_n_1000_1.newick,6,33,13861804,14211909
simphyout\pop_9_n_1000_1.newick,6,34,14596639,14943495
simphyout\pop_9_n_1000_1.newick,6,35,11284254,11578944
simphyout\pop_9_n_1000_1.newick,6,36,14630327,14957805
simphyout\pop_9_n_1000_1.newick,6,37,10286694,10597977
simphyout\pop_9_n_1000_1.newick,6,38,14812187,15143907
simphyout\pop_9_n_1000_1.newick,6,39,12551536,12877629
simphyout\pop_9_n_1000_1.newick,6,40,13222253,13552772
simphyout\pop_9_n_1000_1.newick,6,41,12601507,12900725
simphyout\pop_9_n_1000_1.newick,6,42,15488070,15837520
simphyout\pop_9_n_1000_1.newick,6,43,13614693,13955213
simphyout\pop_9_n_1000_1.newick,6,44,13321562,13657575
simphyout\pop_9_n_1000_1.newick,6,45,11954097,12244011
simphyout\pop_9_n_1000_1.newick,6,46,12569037,12922805
simphyout\pop_9_n_1000_1.newick,6,47,13911908,14213467
simphyout\pop_9_n_1000_1.newick,6,48,14485702,14826970
simphyout\pop_9_n_1000_1.newick,6,49,13718131,14064605
simphyout\pop_9_n_1000_1.newick,7,21,12730719,13069924
simphyout\pop_9_n_1000_1.newick,7,22,11046461,11336473
simphyout\pop_9_n_1000_1.newick,7,23,14096498,14435905
simphyout\pop_9_n_1000_1.newick,7,24,14347943,14642367
simphyout\pop_9_n_1000_1.newick,7,25,14981289,15333998
simphyout\pop_9_n_1000_1.newick,7,26,10275340,10623760
simphyout\pop_9_n_1000_1.newick,7,27,12453375,12797727
simphyout\pop_9_n_1000_1.newick,7,28,13390798,13709865
simphyout\pop_9_n_1000_1.newick,7,29,10440348,10784956
simphyout\pop_9_n_1000_1.newick,7,30,15374366,15739501
simphyout\pop_9_n_1000_1.newick,7,31,13494055,13856416
simphyout\pop_9_n_1000_1.newick,7,32,11512432,11988463
simphyout\pop_9_n_1000_1.newick,7,33,14048224,14388686
simphyout\pop_9_n_1000_1.newick,7,34,13212869,13542499
simphyout\pop_9_n_1000_1.newick,7,35,11708520,12018075
simphyout\pop_9_n_1000_1.newick,7,36,12723561,13072074
simphyout\pop_9_n_1000_1.newick,7,37,11252302,11581102
simphyout\pop_9_n_1000_1.newick,7,38,9533764,9872275
simphyout\pop_9_n_1000_1.newick,7,39,12817920,13395518
simphyout\pop_9_n_1000_1.newick,7,40,14263321,14604812
simphyout\pop_9_n_1000_1.newick,7,41,13624512,13957023
simphyout\pop_9_n_1000_1.newick,7,42,12501812,12828045
simphyout\pop_9_n_1000_1.newick,7,43,14648598,14981037
simphyout\pop_9_n_1000_1.newick,7,44,12956519,13310374
simphyout\pop_9_n_1000_1.newick,7,45,12189681,12510156
simphyout\pop_9_n_1000_1.newick,7,46,17026017,17367035
simphyout\pop_9_n_1000_1.newick,7,47,12142669,12447900
simphyout\pop_9_n_1000_1.newick,7,48,14013536,14338687
simphyout\pop_9_n_1000_1.newick,7,49,15169016,15504427
simphyout\pop_9_n_1000_1.newick,8,21,12131817,12466494
simphyout\pop_9_n_1000_1.newick,8,22,13425013,13750365
simphyout\pop_9_n_1000_1.newick,8,23,13429571,13770864
simphyout\pop_9_n_1000_1.newick,8,24,12958797,13599742
simphyout\pop_9_n_1000_1.newick,8,25,12358416,12688021
simphyout\pop_9_n_1000_1.newick,8,26,12501674,12856280
simphyout\pop_9_n_1000_1.newick,8,27,12422871,12752303
simphyout\pop_9_n_1000_1.newick,8,28,16561624,16867002
simphyout\pop_9_n_1000_1.newick,8,29,10018056,10359542
simphyout\pop_9_n_1000_1.newick,8,30,14766787,15100067
simphyout\pop_9_n_1000_1.newick,8,31,12471413,12801170
simphyout\pop_9_n_1000_1.newick,8,32,11952978,12286793
simphyout\pop_9_n_1000_1.newick,8,33,14116159,14422960
simphyout\pop_9_n_1000_1.newick,8,34,13083970,13414054
simphyout\pop_9_n_1000_1.newick,8,35,11305098,11655649
simphyout\pop_9_n_1000_1.newick,8,36,13649484,13980718
simphyout\pop_9_n_1000_1.newick,8,37,13199125,13542531
simphyout\pop_9_n_1000_1.newick,8,38,11192319,11531459
simphyout\pop_9_n_1000_1.newick,8,39,12551460,12884821
simphyout\pop_9_n_1000_1.newick,8,40,12250905,12591139
simphyout\pop_9_n_1000_1.newick,8,41,14269612,14637453
simphyout\pop_9_n_1000_1.newick,8,42,11782070,12131958
simphyout\pop_9_n_1000_1.newick,8,43,11885938,12236661
simphyout\pop_9_n_1000_1.newick,8,44,11217189,11547566
simphyout\pop_9_n_1000_1.newick,8,45,10977897,11318633
simphyout\pop_9_n_1000_1.newick,8,46,12690427,12995698
simphyout\pop_9_n_1000_1.newick,8,47,13294505,13637165
simphyout\pop_9_n_1000_1.newick,8,48,14423890,14771008
simphyout\pop_9_n_1000_1.newick,8,49,13819594,14160783
simphyout\pop_9_n_1000_1.newick,9,21,10593200,11167484
simphyout\pop_9_n_1000_1.newick,9,22,13873939,14201497
simphyout\pop_9_n_1000_1.newick,9,23,8666714,8998101
simphyout\pop_9_n_1000_1.newick,9,24,10844859,11400933
simphyout\pop_9_n_1000_1.newick,9,25,12947702,13284811
simphyout\pop_9_n_1000_1.newick,9,26,13605325,13932019
simphyout\pop_9_n_1000_1.newick,9,27,15435508,15764126
simphyout\pop_9_n_1000_1.newick,9,28,11886808,12226341
simphyout\pop_9_n_1000_1.newick,9,29,14091725,14421109
simphyout\pop_9_n_1000_1.newick,9,30,13227739,13567454
simphyout\pop_9_n_1000_1.newick,9,31,13332576,13668462
simphyout\pop_9_n_1000_1.newick,9,32,11567097,11878328
simphyout\pop_9_n_1000_1.newick,9,33,12976732,13318825
simphyout\pop_9_n_1000_1.newick,9,34,11280651,11608560
simphyout\pop_9_n_1000_1.newick,9,35,10623712,10934001
simphyout\pop_9_n_1000_1.newick,9,36,13221040,13563015
simphyout\pop_9_n_1000_1.newick,9,37,11440149,11766686
simphyout\pop_9_n_1000_1.newick,9,38,13624538,13951211
simphyout\pop_9_n_1000_1.newick,9,39,14848589,15186993
simphyout\pop_9_n_1000_1.newick,9,40,9623161,9968400
simphyout\pop_9_n_1000_1.newick,9,41,13168810,13612086
simphyout\pop_9_n_1000_1.newick,9,42,11537630,11881498
simphyout\pop_9_n_1000_1.newick,9,43,13146132,13456352
simphyout\pop_9_n_1000_1.newick,9,44,14301439,14645397
simphyout\pop_9_n_1000_1.newick,9,45,10985011,11344522
simphyout\pop_9_n_1000_1.newick,9,46,12786657,13115916
simphyout\pop_9_n_1000_1.newick,9,47,14998500,15334173
simphyout\pop_9_n_1000_1.newick,9,48,13242142,13546906
simphyout\pop_9_n_1000_1.newick,9,49,13331642,13635115
simphyout\pop_9_n_1000_1.newick,10,21,11301400,11597931
simphyout\pop_9_n_1000_1.newick,10,22,12648818,12997874
simphyout\pop_9_n_1000_1.newick,10,23,11275883,11565553
simphyout\pop_9_n_1000_1.newick,10,24,11313556,11646379
simphyout\pop_9_n_1000_1.newick,10,25,11805239,12117030
simphyout\pop_9_n_1000_1.newick,10,26,15865216,16196009
simphyout\pop_9_n_1000_1.newick,10,27,12770655,13126377
simphyout\pop_9_n_1000_1.newick,10,28,14930075,15220492
simphyout\pop_9_n_1000_1.newick,10,29,12506548,12863327
simphyout\pop_9_n_1000_1.newick,10,30,10713347,11015359
simphyout\pop_9_n_1000_1.newick,10,31,15747707,16083520
simphyout\pop_9_n_1000_1.newick,10,32,10555889,10886534
simphyout\pop_9_n_1000_1.newick,10,33,11560482,11902966
simphyout\pop_9_n_1000_1.newick,10,34,10501860,10815760
simphyout\pop_9_n_1000_1.newick,10,35,11316057,11657714
simphyout\pop_9_n_1000_1.newick,10,36,14086195,14411336
simphyout\pop_9_n_1000_1.newick,10,37,9378663,9728823
simphyout\pop_9_n_1000_1.newick,10,38,12501262,12853581
simphyout\pop_9_n_1000_1.newick,10,39,13139707,13433664
simphyout\pop_9_n_1000_1.newick,10,40,14308607,14657989
simphyout\pop_9_n_1000_1.newick,10,41,13126937,13461887
simphyout\pop_9_n_1000_1.newick,10,42,14356811,14676202
simphyout\pop_9_n_1000_1.newick,10,43,8757833,9110377
simphyout\pop_9_n_1000_1.newick,10,44,10552969,11288591
simphyout\pop_9_n_1000_1.newick,10,45,12633893,12972351
simphyout\pop_9_n_1000_1.newick,10,46,11171479,11455109
simphyout\pop_9_n_1000_1.newick,10,47,10748251,11324523
simphyout\pop_9_n_1000_1.newick,10,48,13792588,14099801
simphyout\pop_9_n_1000_1.newick,10,49,11712642,12000233
simphyout\pop_9_n_1000_1.newick,11,21,9544366,10278325
simphyout\pop_9_n_1000_1.newick,11,22,9559387,9918176
simphyout\pop_9_n_1000_1.newick,11,23,13087319,13605293
simphyout\pop_9_n_1000_1.newick,11,24,13151587,13504106
simphyout\pop_9_n_1000_1.newick,11,25,13057755,13346933
simphyout\pop_9_n_1000_1.newick,11,26,12882992,13208979
simphyout\pop_9_n_1000_1.newick,11,27,11175279,11524625
simphyout\pop_9_n_1000_1.newick,11,28,11655437,12001286
simphyout\pop_9_n_1000_1.newick,11,29,10505369,10829986
simphyout\pop_9_n_1000_1.newick,11,30,13513873,13844826
simphyout\pop_9_n_1000_1.newick,11,31,13318473,13652920
simphyout\pop_9_n_1000_1.newick,11,32,11250649,11582705
simphyout\pop_9_n_1000_1.newick,11,33,14918873,15271464
simphyout\pop_9_n_1000_1.newick,11,34,11340212,11692339
simphyout\pop_9_n_1000_1.newick,11,35,10503454,10857936
simphyout\pop_9_n_1000_1.newick,11,36,13379379,13721746
simphyout\pop_9_n_1000_1.newick,11,37,12039906,12377212
simphyout\pop_9_n_1000_1.newick,11,38,11036476,11362685
simphyout\pop_9_n_1000_1.newick,11,39,9561902,9898128
simphyout\pop_9_n_1000_1.newick,11,40,12158324,12538898
simphyout\pop_9_n_1000_1.newick,11,41,13918864,14205064
simphyout\pop_9_n_1000_1.newick,11,42,12118445,12460579
simphyout\pop_9_n_1000_1.newick,11,43,10871310,11197776
simphyout\pop_9_n_1000_1.newick,11,44,12827573,13155549
simphyout\pop_9_n_1000_1.newick,11,45,11011606,11359602
simphyout\pop_9_n_1000_1.newick,11,46,9673492,10016563
simphyout\pop_9_n_1000_1.newick,11,47,13952808,14318490
simphyout\pop_9_n_1000_1.newick,11,48,10216403,10558944
simphyout\pop_9_n_1000_1.newick,11,49,11641588,11983697
simphyout\pop_9_n_1000_1.newick,12,21,14477783,14783489
simphyout\pop_9_n_1000_1.newick,12,22,12302240,12633690
simphyout\pop_9_n_1000_1.newick,12,23,9541951,9875961
simphyout\pop_9_n_1000_1.newick,12,24,13955695,14304608
simphyout\pop_9_n_1000_1.newick,12,25,12171976,12469058
simphyout\pop_9_n_1000_1.newick,12,26,13434657,13775660
simphyout\pop_9_n_1000_1.newick,12,27,14689468,15000808
simphyout\pop_9_n_1000_1.newick,12,28,15091891,15412798
simphyout\pop_9_n_1000_1.newick,12,29,11818479,12148766
simphyout\pop_9_n_1000_1.newick,12,30,10355219,10695053
simphyout\pop_9_n_1000_1.newick,12,31,13857811,14399744
simphyout\pop_9_n_1000_1.newick,12,32,13689207,14263281
simphyout\pop_9_n_1000_1.newick,12,33,12500271,12837811
simphyout\pop_9_n_1000_1.newick,12,34,13665743,13985749
simphyout\pop_9_n_1000_1.newick,12,35,11392129,11723372
simphyout\pop_9_n_1000_1.newick,12,36,12212910,12539209
simphyout\pop_9_n_1000_1.newick,12,37,12908593,13231751
simphyout\pop_9_n_1000_1.newick,12,38,12247009,12569963
simphyout\pop_9_n_1000_1.newick,12,39,12709335,13010266
simphyout\pop_9_n_1000_1.newick,12,40,11563016,11892770
simphyout\pop_9_n_1000_1.newick,12,41,13317493,13641788
simphyout\pop_9_n_1000_1.newick,12,42,15427736,15733091
simphyout\pop_9_n_1000_1.newick,12,43,13687002,13983326
simphyout\pop_9_n_1000_1.newick,12,44,11664177,11994150
simphyout\pop_9_n_1000_1.newick,12,45,13716454,14046201
simphyout\pop_9_n_1000_1.newick,12,46,13876898,14213933
simphyout\pop_9_n_1000_1.newick,12,47,12995637,13335843
simphyout\pop_9_n_1000_1.newick,12,48,14431194,14765774
simphyout\pop_9_n_1000_1.newick,12,49,12443148,12774331
simphyout\pop_9_n_1000_1.newick,13,21,12637827,13415242
simphyout\pop_9_n_1000_1.newick,13,22,12885620,13224243
simphyout\pop_9_n_1000_1.newick,13,23,10408351,10692271
simphyout\pop_9_n_1000_1.newick,13,24,13783540,14135941
simphyout\pop_9_n_1000_1.newick,13,25,12298909,12642300
simphyout\pop_9_n_1000_1.newick,13,26,11712741,12039204
simphyout\pop_9_n_1000_1.newick,13,27,12574383,12886939
simphyout\pop_9_n_1000_1.newick,13,28,14375644,14704631
simphyout\pop_9_n_1000_1.newick,13,29,11527451,11862169
simphyout\pop_9_n_1000_1.newick,13,30,12397591,12731167
simphyout\pop_9_n_1000_1.newick,13,31,11798865,12100652
simphyout\pop_9_n_1000_1.newick,13,32,12924867,13254086
simphyout\pop_9_n_1000_1.newick,13,33,12842733,13178131
simphyout\pop_9_n_1000_1.newick,13,34,8888648,9235971
simphyout\pop_9_n_1000_1.newick,13,35,11754717,12089654
simphyout\pop_9_n_1000_1.newick,13,36,11085723,11429258
simphyout\pop_9_n_1000_1.newick,13,37,11244017,11574859
simphyout\pop_9_n_1000_1.newick,13,38,10227127,10565002
simphyout\pop_9_n_1000_1.newick,13,39,14166768,14519989
simphyout\pop_9_n_1000_1.newick,13,40,11125786,11415551
simphyout\pop_9_n_1000_1.newick,13,41,12429051,12762138
simphyout\pop_9_n_1000_1.newick,13,42,13721861,14054086
simphyout\pop_9_n_1000_1.newick,13,43,11064226,11412643
simphyout\pop_9_n_1000_1.newick,13,44,11370910,11703722
simphyout\pop_9_n_1000_1.newick,13,45,13357958,13685491
simphyout\pop_9_n_1000_1.newick,13,46,11965850,12303840
simphyout\pop_9_n_1000_1.newick,13,47,13750191,14078394
simphyout\pop_9_n_1000_1.newick,13,48,11824207,12161633
simphyout\pop_9_n_1000_1.newick,13,49,14047924,14377023
simphyout\pop_9_n_1000_1.newick,14,21,13704920,14065043
simphyout\pop_9_n_1000_1.newick,14,22,11390519,11724917
simphyout\pop_9_n_1000_1.newick,14,23,10801359,11132317
simphyout\pop_9_n_1000_1.newick,14,24,15643880,16286880
simphyout\pop_9_n_1000_1.newick,14,25,11332671,11660545
simphyout\pop_9_n_1000_1.newick,14,26,13576886,13914687
simphyout\pop_9_n_1000_1.newick,14,27,10324252,10669446
simphyout\pop_9_n_1000_1.newick,14,28,10705612,11061493
simphyout\pop_9_n_1000_1.newick,14,29,14114889,14449495
simphyout\pop_9_n_1000_1.newick,14,30,8982620,9330175
simphyout\pop_9_n_1000_1.newick,14,31,12539972,13294676
simphyout\pop_9_n_1000_1.newick,14,32,15354797,15690356
simphyout\pop_9_n_1000_1.newick,14,33,14182770,14516354
simphyout\pop_9_n_1000_1.newick,14,34,11157437,11472526
simphyout\pop_9_n_1000_1.newick,14,35,13442599,13743892
simphyout\pop_9_n_1000_1.newick,14,36,11201460,11538240
simphyout\pop_9_n_1000_1.newick,14,37,13580989,13866800
simphyout\pop_9_n_1000_1.newick,14,38,10391568,10725977
simphyout\pop_9_n_1000_1.newick,14,39,12139487,12446595
simphyout\pop_9_n_1000_1.newick,14,40,10443023,10780996
simphyout\pop_9_n_1000_1.newick,14,41,14494206,14819232
simphyout\pop_9_n_1000_1.newick,14,42,13647868,13990628
simphyout\pop_9_n_1000_1.newick,14,43,10726360,11049974
simphyout\pop_9_n_1000_1.newick,14,44,11435162,11766339
simphyout\pop_9_n_1000_1.newick,14,45,12163938,12499412
simphyout\pop_9_n_1000_1.newick,14,46,14100216,14431634
simphyout\pop_9_n_1000_1.newick,14,47,12988676,13326447
simphyout\pop_9_n_1000_1.newick,14,48,13374707,13776218
simphyout\pop_9_n_1000_1.newick,14,49,11327163,11680674
simphyout\pop_9_n_1000_1.newick,15,21,9549496,9891067
simphyout\pop_9_n_1000_1.newick,15,22,10993758,11327091
simphyout\pop_9_n_1000_1.newick,15,23,12725501,13063962
simphyout\pop_9_n_1000_1.newick,15,24,13277878,13619661
simphyout\pop_9_n_1000_1.newick,15,25,13501710,13847602
simphyout\pop_9_n_1000_1.newick,15,26,12443154,12801725
simphyout\pop_9_n_1000_1.newick,15,27,13734689,14070336
simphyout\pop_9_n_1000_1.newick,15,28,13273635,13616129
simphyout\pop_9_n_1000_1.newick,15,29,12713778,13061104
simphyout\pop_9_n_1000_1.newick,15,30,12295016,12621953
simphyout\pop_9_n_1000_1.newick,15,31,12904331,13251737
simphyout\pop_9_n_1000_1.newick,15,32,12723864,13045674
simphyout\pop_9_n_1000_1.newick,15,33,13058828,13396608
simphyout\pop_9_n_1000_1.newick,15,34,11797280,12129365
simphyout\pop_9_n_1000_1.newick,15,35,12427317,12763472
simphyout\pop_9_n_1000_1.newick,15,36,13192792,13524346
simphyout\pop_9_n_1000_1.newick,15,37,13304318,13654833
simphyout\pop_9_n_1000_1.newick,15,38,10699147,11021187
simphyout\pop_9_n_1000_1.newick,15,39,12807534,13101222
simphyout\pop_9_n_1000_1.newick,15,40,10220548,10592832
simphyout\pop_9_n_1000_1.newick,15,41,12098355,12776716
simphyout\pop_9_n_1000_1.newick,15,42,11700566,12023442
simphyout\pop_9_n_1000_1.newick,15,43,12023089,12350298
simphyout\pop_9_n_1000_1.newick,15,44,12188108,12523515
simphyout\pop_9_n_1000_1.newick,15,45,12872645,13210718
simphyout\pop_9_n_1000_1.newick,15,46,14751717,15089510
simphyout\pop_9_n_1000_1.newick,15,47,12921107,13220900
simphyout\pop_9_n_1000_1.newick,15,48,12304482,12634024
simphyout\pop_9_n_1000_1.newick,15,49,13908885,14227093
simphyout\pop_9_n_1000_1.newick,16,21,13385532,13818932
simphyout\pop_9_n_1000_1.newick,16,22,10466428,10811336
simphyout\pop_9_n_1000_1.newick,16,23,11884107,12219270
simphyout\pop_9_n_1000_1.newick,16,24,13217189,13556895
simphyout\pop_9_n_1000_1.newick,16,25,14291521,14622433
simphyout\pop_9_n_1000_1.newick,16,26,15606831,15943467
simphyout\pop_9_n_1000_1.newick,16,27,12460403,12816709
simphyout\pop_9_n_1000_1.newick,16,28,12556836,12886838
simphyout\pop_9_n_1000_1.newick,16,29,13906461,14249438
simphyout\pop_9_n_1000_1.newick,16,30,12075156,12381657
simphyout\pop_9_n_1000_1.newick,16,31,15508269,15844490
simphyout\pop_9_n_1000_1.newick,16,32,11160721,11490005
simphyout\pop_9_n_1000_1.newick,16,33,12491515,12797064
simphyout\pop_9_n_1000_1.newick,16,34,9032772,9633120
simphyout\pop_9_n_1000_1.newick,16,36,13029434,13356953
simphyout\pop_9_n_1000_1.newick,16,37,12292976,12633300
simphyout\pop_9_n_1000_1.newick,16,38,14210145,14560566
simphyout\pop_9_n_1000_1.newick,16,39,11853804,12387576
simphyout\pop_9_n_1000_1.newick,16,40,14480358,14767052
simphyout\pop_9_n_1000_1.newick,16,41,14447180,14787365
simphyout\pop_9_n_1000_1.newick,16,42,11972537,12739896
simphyout\pop_9_n_1000_1.newick,16,43,15616805,15944579
simphyout\pop_9_n_1000_1.newick,16,44,14112048,14452885
simphyout\pop_9_n_1000_1.newick,16,45,13952263,14286401
simphyout\pop_9_n_1000_1.newick,16,46,11112303,11436046
simphyout\pop_9_n_1000_1.newick,16,47,13513656,13854830
simphyout\pop_9_n_1000_1.newick,16,48,10789699,11139354
simphyout\pop_9_n_1000_1.newick,16,49,12375681,12677008
simphyout\pop_9_n_1000_1.newick,17,21,12959035,13307226
simphyout\pop_9_n_1000_1.newick,17,22,12217475,12552892
simphyout\pop_9_n_1000_1.newick,17,23,10768928,11137967
simphyout\pop_9_n_1000_1.newick,17,24,11710470,12064818
simphyout\pop_9_n_1000_1.newick,17,25,11744216,12079357
simphyout\pop_9_n_1000_1.newick,17,26,11273174,11570976
simphyout\pop_9_n_1000_1.newick,17,27,11055476,11358523
simphyout\pop_9_n_1000_1.newick,17,28,14817491,15142442
simphyout\pop_9_n_1000_1.newick,17,29,12032540,12340087
simphyout\pop_9_n_1000_1.newick,17,30,10896803,11228324
simphyout\pop_9_n_1000_1.newick,17,31,10713745,11040323
simphyout\pop_9_n_1000_1.newick,17,32,11317181,11670310
simphyout\pop_9_n_1000_1.newick,17,33,10044723,10356741
simphyout\pop_9_n_1000_1.newick,17,34,11231568,11555867
simphyout\pop_9_n_1000_1.newick,17,35,10446923,10790727
simphyout\pop_9_n_1000_1.newick,17,36,10650514,10998038
simphyout\pop_9_n_1000_1.newick,17,37,12944067,13280528
simphyout\pop_9_n_1000_1.newick,17,38,11944257,12232598
simphyout\pop_9_n_1000_1.newick,17,39,13371459,13663085
simphyout\pop_9_n_1000_1.newick,17,40,13588542,14075101
simphyout\pop_9_n_1000_1.newick,17,41,10218393,10962744
simphyout\pop_9_n_1000_1.newick,17,42,12241682,12573731
simphyout\pop_9_n_1000_1.newick,17,43,13968852,14311091
simphyout\pop_9_n_1000_1.newick,17,44,12942276,13273125
simphyout\pop_9_n_1000_1.newick,17,45,15262729,15614202
simphyout\pop_9_n_1000_1.newick,17,46,10231458,10581055
simphyout\pop_9_n_1000_1.newick,17,47,14178001,14531670
simphyout\pop_9_n_1000_1.newick,17,48,13878031,14209511
simphyout\pop_9_n_1000_1.newick,17,49,9756479,10096811
simphyout\pop_9_n_1000_1.newick,18,21,15061953,15804437
simphyout\pop_9_n_1000_1.newick,18,22,12980338,13313549
simphyout\pop_9_n_1000_1.newick,18,23,10041157,10341143
simphyout\pop_9_n_1000_1.newick,18,24,14148245,14510172
simphyout\pop_9_n_1000_1.newick,18,25,13825210,14181988
simphyout\pop_9_n_1000_1.newick,18,26,15697182,15992837
simphyout\pop_9_n_1000_1.newick,18,27,14506292,14858371
simphyout\pop_9_n_1000_1.newick,18,28,14973310,15300383
simphyout\pop_9_n_1000_1.newick,18,29,12958019,13299522
simphyout\pop_9_n_1000_1.newick,18,30,13978630,14316760
simphyout\pop_9_n_1000_1.newick,18,31,13863715,14191619
simphyout\pop_9_n_1000_1.newick,18,32,14188594,14535438
simphyout\pop_9_n_1000_1.newick,18,33,11776905,12126223
simphyout\pop_9_n_1000_1.newick,18,34,10802266,11145684
simphyout\pop_9_n_1000_1.newick,18,35,11187262,11524247
simphyout\pop_9_n_1000_1.newick,18,36,11636750,11971491
simphyout\pop_9_n_1000_1.newick,18,37,13308129,13654657
simphyout\pop_9_n_1000_1.newick,18,38,11990076,12312978
simphyout\pop_9_n_1000_1.newick,18,39,11831151,12119808
simphyout\pop_9_n_1000_1.newick,18,40,13461210,13790839
simphyout\pop_9_n_1000_1.newick,18,41,12963242,13295232
simphyout\pop_9_n_1000_1.newick,18,42,13861093,14207046
simphyout\pop_9_n_1000_1.newick,18,43,12761619,13093016
simphyout\pop_9_n_1000_1.newick,18,44,13693859,14021740
simphyout\pop_9_n_1000_1.newick,18,45,12060686,12393398
simphyout\pop_9_n_1000_1.newick,18,46,11413756,11759244
simphyout\pop_9_n_1000_1.newick,18,47,14023568,14350864
